Umbi 2014,https://www.youtube.com/watch?v=cxwmR33-fMk&ab_channel=PartysympaticusProductions,25,Kommentarer - ,Done - x
ØF 2023 - Søen uden Øffere (Kapsejladsen 2023),https://www.youtube.com/watch?v=c_l7LscY7oE&ab_channel=%C3%98konomiskForening,115,,
Statskunskab 2024,https://www.youtube.com/watch?v=CILd-M2664A&ab_channel=PF-PolitologiskForening,5,,
CAND.MAGi - Kapsejladsen 2025 HUMBUG,https://www.youtube.com/watch?v=iS7qklORmpY&pp=0gcJCR0AztywvtLA,23,,
Jura 2015,https://www.youtube.com/watch?v=QtmjIDMZYys&ab_channel=JuridiskSelskab,43,,
Siffos 2019 Bådvennerne - SIFFOS (Kapsejladsen 2019),https://www.youtube.com/watch?v=Bt2AyWn9ncg&ab_channel=ForeningenSIFFOS,111,,
DIN VÅDE DRØM - SIFFOS (Kapsejladsen 2025),https://www.youtube.com/watch?v=mbPUFcgPEAs&ab_channel=ForeningenSIFFOS,77,,
Humbug 2017 Ro på,https://www.youtube.com/watch?app=desktop&v=pLzO1RONZGM&fbclid=IwAR3Fq_UHiM_yd6ySHVYkEvqVYLp8TnyDhISggpH9-Qa-UZbNevcAntVxG98&ab_channel=SF,10,,
Umbi 2016,https://www.youtube.com/watch?v=n-squrz9tUA&ab_channel=PartysympaticusProductions,0,,
Øf 2019,https://www.youtube.com/watch?v=1hzU75Ygv78&ab_channel=%C3%98konomiskForening,0,,
Alkymia 2024,https://www.youtube.com/watch?v=sy23SWrSkI0&feature=youtu.be,65,,
SL 2019,https://www.youtube.com/watch?v=b-bxSSrG9vo&ab_channel=SLFestudvalg,52,,
Jus 2024,https://www.youtube.com/watch?v=WeSnii8qNzQ&ab_channel=JuridiskSelskab,130,,
Jura 2020,https://www.youtube.com/watch?v=TvWvpD48VXU&ab_channel=JuridiskSelskab,94,,
Umbi 2025 De levende legender,https://www.youtube.com/watch?v=9TXE3RfeM64&ab_channel=PartysympaticusProductions,60,,
VIA her bar' - Ambrosia 2025,https://www.youtube.com/watch?v=x9peGb3tGBc&ab_channel=Ambrosia,100,,
Psykologi 2023 - Psykspekt ,https://www.youtube.com/watch?v=0c9F7kKIZ7A&ab_channel=PsykologiKapsejlads,10,,
PF 2023 - Teknokratisk Technoparty,https://www.youtube.com/watch?v=yuMsOi60GQc&ab_channel=PF-PolitologiskForening,38,,
PF 2021,https://www.youtube.com/watch?v=TKjaxk_0LZI&ab_channel=PF-PolitologiskForening,15,,
Beerceps Maximus Fuck SL,https://www.youtube.com/watch?v=WPKcHHrO_00&ab_channel=BeercepsMaximus,44,,
Jura 2022,https://www.youtube.com/watch?v=opuO2GMeN1k&ab_channel=JuridiskSelskab,35,,
ØF - Den Grønne Hær (Kapsejladsen 2025),https://www.youtube.com/watch?v=zqXH3otIGDg&ab_channel=%C3%98konomiskForening,65,,
Beerceps Maximus 2022,https://www.youtube.com/watch?v=KEjtbuWFu0c&ab_channel=BeercepsMaximus,29,,
Melodicus Fredagsband 2023 - pagak,https://www.youtube.com/watch?v=bWTSNE6YEuQ&ab_channel=nekxe,8,,
Beerceps Maximus - Vi Svømmer Den Hjem (Kapsejladsen 2025),https://www.youtube.com/watch?v=ZSS6KM3xmfI&ab_channel=BeercepsMaximus,76,,
Umbi 2015,https://www.youtube.com/watch?v=7eIuCCKDqHs&ab_channel=PartysympaticusProductions,7,,
FUT 2024,https://www.youtube.com/watch?v=i3OWJG6Ldes&ab_channel=FUTIngeni%C3%B8rernesFestudvalg,10,,
Beerceps Maximus 2023,https://www.youtube.com/watch?v=kDh4vzt4EDw&ab_channel=BeercepsMaximus,10,,
Kurt Strandbar 2023 - Underdogs ,https://www.youtube.com/watch?v=nWt9qZPR4eg&ab_channel=KurtStrandbar,25,,
Som det plejer - Melodicus Fredagsband (2025),https://www.youtube.com/watch?v=irYR3D_A5eE&ab_channel=SimonBeck,15,,
Psykseidon - Psykologi (Kapsejlads 2025),https://www.youtube.com/watch?v=Tww4b8fq5DU&ab_channel=PsykologiKapsejlads,15,,
SL Festudvalg - Albatros ft. ELI4S (Kapsejladsen 2025),https://www.youtube.com/watch?v=aJ4LXYCWehI&ab_channel=SLFestudvalg,35,,
PF 2018,https://www.youtube.com/watch?v=ABchQwax_sE&ab_channel=bandscientpol,26,,
Apo 2021,https://www.youtube.com/watch?v=zKnQ-O443dI&ab_channel=Apollonia-Tandl%C3%A6geskolensfestudvalg,1,,
Profus 2021,https://www.youtube.com/watch?v=5dn2Z6OLF5g&ab_channel=ProfusKapsejlads,5,,
Apo 2022,https://www.youtube.com/watch?v=PkgJVpmUW1U&ab_channel=Apollonia-Tandl%C3%A6geskolensfestudvalg,0,,
FUT 2019,https://www.youtube.com/watch?v=1stI3mbAxWQ&ab_channel=FUTIngeni%C3%B8rernesFestudvalg,31,,
Apo 2019,https://www.youtube.com/watch?v=Hq_9jabZXDg&ab_channel=Apollonia-Tandl%C3%A6geskolensfestudvalg,13,,
Profus 2022,https://www.youtube.com/watch?v=BmcaacWfUBU&ab_channel=ProfusKapsejlads,10,,
Valdemar PF 2023 - Nemt / Encore (Valdemar vinder Kapsejladsen 2023),https://www.youtube.com/watch?v=at5OoNOp9FI&ab_channel=bandscientpol,0,,
Umbi 2022,https://www.youtube.com/watch?v=-d0qdGopro0&ab_channel=PartysympaticusProductions,43,,
Kurt Strandbar 2022,https://www.youtube.com/watch?v=0yTBkmgoY-w&ab_channel=KurtStrandbar,15,,
Jura 2016,https://www.youtube.com/watch?v=dcwBjqQvFjc&ab_channel=JuridiskSelskab,46,,
Det 6. verdenshav - HAV (Kapsejlads 2025),https://www.youtube.com/watch?v=o_IGgGbslFs&ab_channel=HAV,15,,
Apo 2023 -  Ild på floor,https://www.youtube.com/watch?v=XJSDMeqW2Xo&ab_channel=Apollonia-Tandl%C3%A6geskolensfestudvalg,80,,
Humbug 2024,https://www.youtube.com/watch?v=bNZAjKJIBMw&ab_channel=Humbug,22,,
FUT 2018,https://www.youtube.com/watch?v=M_c-Dp-j_cM&ab_channel=FUTIngeni%C3%B8rernesFestudvalg,65,,
Umbi 2023 - ambulanceTRANCE ,https://www.youtube.com/watch?v=_ZeulhpR2iY&ab_channel=PartysympaticusProductions,5,,
I O O S - Apollonia (Kapsejlads 2025),https://www.youtube.com/watch?v=sTsVZyiJZkE&ab_channel=Apollonia-Tandl%C3%A6geskolensfestudvalg,200,,
Hav 2024,https://www.youtube.com/watch?v=oduBxqYReHs&feature=youtu.be,6,,
Øf 2021,https://www.youtube.com/watch?v=qpEuGk4_I9w&ab_channel=%C3%98konomiskForening,20,,
Umbi 2019,https://www.youtube.com/watch?v=a1vnDCgqlt4&ab_channel=PartysympaticusProductions,20,,
@lkymia 2022,https://www.youtube.com/watch?v=8owWovP8g-8&ab_channel=alkymiaalkymia,10,,
Psykologi 2022,https://www.youtube.com/watch?v=E-Abv6THrnk&ab_channel=PsykologiKapsejlads,35,,
UMBI 2024 Heksedoktor,https://www.youtube.com/watch?v=S7QpIhLsEH8&ab_channel=PartysympaticusProductions,115,,
Kemisk Krig - @lkymia (Kapsejlads 2025),https://www.youtube.com/watch?v=WnhOr99omaA&ab_channel=alkymiaalkymia,20,,
Siffos 2018 Glemt alt om Niklas,https://www.youtube.com/watch?v=-hpTuDqJljE&t=127s&ab_channel=ForeningenSIFFOS,38,,
FUT I BÅDEN - Kapsejlads 2025,https://www.youtube.com/watch?v=WI7gDvS4PWM,68,,
Øf 2022,https://www.youtube.com/watch?v=CdDcRCiUaSQ&ab_channel=%C3%98konomiskForening,15,,
Humbug 2023 - Humanjorder jer,https://www.youtube.com/watch?v=uIRmvhqteWs&ab_channel=Humbug,0,,
Psykologi 2018,https://www.youtube.com/watch?v=JpT7VmzZI6I&ab_channel=PsykologiKapsejlads,0,,
ØF 2024,https://www.youtube.com/watch?v=adPpYYTdXq4&ab_channel=%C3%98konomiskForening,2,,
@lkymia 2023 - Den bedste Toer,https://soundcloud.com/alkymiafredagsbar/den-bedste-toer-kapsejlads-2023,80,,
SL 2023 - FugleFrekvenser,https://www.youtube.com/watch?v=ZnvTYnQzZwQ&ab_channel=SLFestudvalg,42,,
Jura 2023 - DEN SPANSKE SYGE,https://www.youtube.com/watch?v=JFSiyfRNJQw&ab_channel=JuridiskSelskab,0,,
Siffos 2022,https://www.youtube.com/watch?v=uwkqWdn9FkM&ab_channel=ForeningenSIFFOS,20,,
Beerceps 2024,https://www.youtube.com/watch?v=XAkcDmlaMUs&feature=youtu.be,130,,
Psykologi 2017,https://www.youtube.com/watch?v=-RBCdO08914&ab_channel=PsykologiKapsejlads,30,,
Siffos 2024,https://www.youtube.com/watch?v=dNxNRuJ1Ydw&ab_channel=ForeningenSIFFOS,40,,
Psyk 2024,https://www.youtube.com/watch?app=desktop&v=spuSvBoObLc&t=3s,24,,
Psykologi 2021,https://www.youtube.com/watch?v=BqW_H5deu0A&ab_channel=PsykologiKapsejlads,15,,
Fejlfri - Kapsejladsen 2025 JUS,https://www.youtube.com/watch?v=9IFXXGRZ8sM&ab_channel=JuridiskSelskab,23,,
SL 2021,https://www.youtube.com/watch?v=zv_kwN1ziqc&ab_channel=SLFestudvalg,0,,
Christian Sommer Vinder Kapsejladsen,https://www.youtube.com/watch?v=xScJ_OaP224&ab_channel=AfrikaSang,90,,
PF - Den Sorte Bus (KAPSEJLADSEN 2025),https://www.youtube.com/watch?v=sjdxexx3YtU&ab_channel=PF-PolitologiskForening,80,,
Humbug 2022,https://www.youtube.com/watch?v=prvsU68f2K8&ab_channel=Humbug,26,,
Profus 2024,https://www.youtube.com/watch?v=57uCzACPMaA&ab_channel=ProfusKapsejlads,15,,
Melodicus Fredagsband 2024,https://www.youtube.com/watch?v=TlrHOQUlVY0&ab_channel=KirstineAndersen,5,,
Umbi 2021,https://www.youtube.com/watch?v=IOgkkep30XU&ab_channel=PartysympaticusProductions,115,,
Ambrosia 2024,https://soundcloud.com/ambrosia-31391794/ambro-sig-ja,15,,
Apo 2018,https://www.youtube.com/watch?v=GgSj08EUcvk&ab_channel=Apollonia-Tandl%C3%A6geskolensfestudvalg,20,,
FUT 2022,https://www.youtube.com/watch?v=nnBisxzmUb8&ab_channel=FUTIngeni%C3%B8rernesFestudvalg,10,,
Umbi 2018,https://www.youtube.com/watch?v=sw-P6_p9psg&ab_channel=PartysympaticusProductions,5,,
Ambrosia 2023,https://www.youtube.com/watch?fbclid=IwAR06d6cJ5RwckAKHhJ5Y8Hy7f9FugAuIVcY91KG3nc0uO2E-ZHhMurE5bhU&v=EmKWRGCW-hk&feature=youtu.be&ab_channel=Ambrosia,60,,
Profus 2023 - Sejler Hurtigst,https://www.youtube.com/watch?v=QJn6i1NKhCA&t=0s&ab_channel=ProfusKapsejlads,43,,
Profus 2019,https://www.youtube.com/watch?v=wkRlpd5yBKQ&ab_channel=VIANYSOS,0,,
Psykologi 2016,https://www.youtube.com/watch?v=ph5bf-5jzbk&ab_channel=PsykologiKapsejlads,66,,
@lkymia 2018,https://www.youtube.com/watch?v=2fTNzVHxfI0&ab_channel=alkymiaalkymia,52,,
SL 2022,https://www.youtube.com/watch?v=wvMwP4R5W-4&ab_channel=SLFestudvalg,71,,
@lkymia 2021,https://www.youtube.com/watch?v=t7DsZQmlHbg&t=121s&ab_channel=alkymiaalkymia,65,,
FUT 2023 - Futtemanden,https://www.youtube.com/watch?v=xJWFHN2rQlU&ab_channel=FUTIngeni%C3%B8rernesFestudvalg,30,,
Kapsejlads Igen,https://www.youtube.com/watch?v=sJz4kI8Ag1o&ab_channel=PartysympaticusProductions,35,,
SL 2024,https://www.youtube.com/watch?v=VCQ68dkGbYE&ab_channel=SLFestudvalg,15,,
Apo 2020,https://www.youtube.com/watch?v=lq0tO9Nwt6k&ab_channel=Apollonia-Tandl%C3%A6geskolensfestudvalg,25,,
Psykologi 2019,https://www.youtube.com/watch?v=QO6JMtB0Ujs&ab_channel=PsykologiKapsejlads,66,,
Apo 2024,https://www.youtube.com/watch?v=q9EvE9OVgtM&ab_channel=Apollonia-Tandl%C3%A6geskolensfestudvalg,10,,
Profus - Sut Vores Pagaj 2025,https://www.youtube.com/watch?v=H7bq4W0B7W0&ab_channel=ProfusKapsejlads,4,,
PF 2022,https://www.youtube.com/watch?v=56LQlQ94KS4&ab_channel=PF-PolitologiskForening,20,,
FUT 2021,https://www.youtube.com/watch?v=9DPr4OYF-Bo&ab_channel=ViktorS%C3%B8ndergaard,25,,
Det fucking sejt at drikke(Hele sangen),https://soundcloud.com/claesjensen/det-fucking-sejt-at-drikke,0,,