Skud ud til at det endelig er kapsejlads!,https://www.youtube.com/watch?v=qpEuGk4_I9w,44
Skud ud til at være morgenstiv,https://www.youtube.com/watch?v=1uSlqRsjdLw,0
Skud ud til Weilert som influencer,https://www.youtube.com/watch?v=lp3SHXoIwBM,3
Skud ud til Jens der snaver med  liv,https://www.youtube.com/watch?v=tAp9BKosZXs,0
Han er ikke færdig endnu,https://www.youtube.com/watch?v=FGBhQbmPwH8,64
Skud ud til kneppe ole Bollefar,https://www.youtube.com/watch?v=ssdgFUbRBdI,15
Skud ud til Emilies første kapsejlads,https://www.youtube.com/watch?v=kDh4vzt4EDw,0
Skud ud til man altid kan komme til Niko hvis man har haft en møgdag,https://www.youtube.com/watch?v=bDvCWpWuwhA,15
Skud ud til MR muscle up,https://www.youtube.com/watch?v=E9T78bT26sk,178
Skud ud til at Emilie har fødselsdag,https://www.youtube.com/watch?v=KEjtbuWFu0c,114
Skud ud til det sted ovre ved psykkerne hvor vi skal hoppe senere,https://www.youtube.com/watch?v=QO6JMtB0Ujs,60
skud ud til beerceps introshow,https://www.youtube.com/watch?v=4G6QDNC4jPs,5
Skud ud til sporhunden stautz der finder min telefon på skitur,https://www.youtube.com/watch?v=ojULkWEUsPs,17
"Skud ud til Viktor der siger ""Ja det regner jeg med"" ",https://www.youtube.com/watch?v=mk_JXx1sYXI,4
"Når vi nu er ved bornholmsk, så skud ud til Oles SPIDSKOMMEN",https://www.youtube.com/watch?v=k85mRPqvMbE,7
Skud ud til hvad for en cykel psyk er,https://www.youtube.com/watch?v=h6JBYlxpHKI,53
Skud ud til Niko der bliver afklædt af tre franske dørmænd(I respect this club,https://www.youtube.com/watch?v=d-w0Jh7sLNw,16
Skud ud til at være danmarksmester i pukkelpist,https://www.youtube.com/watch?v=s5RP40gZDSk,0
Skud ud til at vække Jorde midt i en lur,https://www.youtube.com/watch?v=X6w1gvQqCTo,0
Skud ud til 1000 på en sommer,https://www.youtube.com/watch?v=i__THJ9HE-o,26
Hvad rimer på saksesparksmål,https://www.youtube.com/watch?v=9jrWthXlEp8,0
Skud ud til DJ for at spise Tortillabrød til aftensmad,https://soundcloud.com/ratgodx/nussmann-3000-jeg-er-dj-i-aften-feat-peter-emil,0
Fuck the poor,https://www.youtube.com/watch?v=ZnvTYnQzZwQ,11
Skud ud til Sommerjulefrokost,https://www.youtube.com/watch?v=DDt3u2Ev1cI,0
BANGER ALERT!!!!,https://www.youtube.com/watch?v=T0pcF9ZANrI,131
Skud ud til Store Maddi,https://www.youtube.com/watch?v=HfmWPfqyYyY,0
Skud ud til lille Maddi,https://www.youtube.com/watch?v=xGPeNN9S0Fg,35
Skud ud til Gamle Maddi,https://www.youtube.com/watch?v=WI7gDvS4PWM,38
Skud ud til at Jorde er 30 år gammel,https://www.youtube.com/watch?v=kYHV9GNIbOw,0
Skud ud til Stautz der overlevede,https://www.youtube.com/watch?v=Wmc8bQoL-J0,0
Skud ud til at nu skal vi alle sammen drikke et glas vand,https://www.youtube.com/watch?v=5FPXNjiBhHs,5
Skud ud til Andrea der er fucking god til at twerke!!,https://www.youtube.com/watch?v=PLE57UZievU,9
Skud ud til at når man er 27 så er man gammel nok til at blive hjemme og rydder op efter TDC,https://www.youtube.com/watch?v=4Z_XyGD4tEM,0
Skud ud til patter,https://www.youtube.com/watch?v=gpPUeAJBOn0,82
Skud ud til Frederik Ole der ligner en psyko til denne her sang,https://www.youtube.com/watch?v=2JVNNRmxupo,83
Skud ud til at være skeløjet og kun kunne trække vejret gennem munden have dårlige håndled og hælspore. Hvordan har du det egentlig Nikola,https://www.youtube.com/watch?v=S-3zGDLeSfE,0
Skud ud til at blive uvenner over en kasse fisk,https://www.youtube.com/watch?v=ljmfH5RmPls&t=310s,304
Skud ud til at Emilie ikke kunne hakke en bajer om hun så fik et helt minut til det,https://www.youtube.com/watch?v=H7bq4W0B7W0,101
Skud ud til Jens Madsen,https://www.youtube.com/watch?v=PivWY9wn5ps,178
Skud ud til Niels der har en skærmtid på over 10 timer efter en bytur,https://www.youtube.com/watch?v=WYjMRJOOU2k,6
Rolf det kan man sku da ikke hedde,https://www.youtube.com/watch?v=O4-6Y_91v5I,29
3-2-1 ØV,https://www.youtube.com/watch?v=gH476CxJxfg,22
Sku ud til niels der brygger filterkaffe med instant kaffe,https://www.youtube.com/watch?v=GhrPgbIHVAQ,32
Skud ud til MR SEJER der prioterer arbejde over kapsejlads,https://www.youtube.com/watch?v=HL1UzIK-flA,18
Skud ud til Helene der kaster op ud af vinduet til anjas fest,https://www.youtube.com/watch?v=reP_B2n7ecI,28
Skud ud til at brække foden til MUFF,https://www.youtube.com/watch?v=uh80Ytajja4,0
Lilo og stitch sagde det var nemt sagde ohana i har bandana sagde det var nemt i er slem,https://www.youtube.com/watch?v=Aiay8I5IPB8,2
Skud ud til at lave flæskesteg i en ovn der ikke virker,https://www.youtube.com/watch?v=3VDS7u1EQUE,0
Skud ud til sure Maddi der ikke gider at gå i skistøvler ØØØV,https://www.youtube.com/watch?v=iQBX498P6AY,0
Skud ud til at være halvvejs allerede ,https://www.youtube.com/watch?v=ohFtQIPqGSo,63
Skud ud til Bad boys med dressing,https://www.youtube.com/watch?v=eGCMfoimXvI,19
skud ud til at holde lan på skolen,https://www.youtube.com/watch?v=aTJncWndUB8,7
skud ud til øhhhh har i lyst til at hop,https://www.youtube.com/watch?v=auVSgy11uJg,5
Skud ud til straffesparkskonkurrence,https://www.youtube.com/watch?v=x5PSFwfTt9Y,14
Skud ud til MR no REP,https://www.youtube.com/watch?v=cLngHZ94Kt8,15
Skud ud til Jens der bliver kaldt en tøs af pedellen på Sønderborg,https://www.youtube.com/watch?v=LMx73YmVgGU,0
Skud ud til at få nu drukket noget vand vender,https://www.youtube.com/watch?v=8L6WauJfwe0,0
Skud ud til Helenes chokoladeflirt,https://www.youtube.com/watch?v=-Ks3LR3izEs,0
Skud ud til at få kørt den i hus med Peter Bentzen,https://www.youtube.com/watch?v=SBmBEpFqzec,0
skud ud til at høre red ryders senere når Peter falder i vandet,https://www.youtube.com/watch?v=3gdHYHJoLcs,15
Skud ud til Henrik Solgaard band,https://www.youtube.com/watch?v=GLik2EOkzU0,122
Skud ud til at spille muff,https://www.youtube.com/watch?v=vRQb_-mRcAc,166
Skud ud til at Nielses bundesang åbenbart er drik din cultshaker,https://www.youtube.com/watch?v=g5hSn8AqiUw,0
skud ud til at beerceps vinder kapsejladsen i aaaaarrrr,https://www.youtube.com/watch?v=at5OoNOp9FI,134
Skud ud til IT rygsækken,https://www.youtube.com/watch?v=Gj5L9SYhoSE,6
FUCK SL,https://www.youtube.com/watch?v=WPKcHHrO_00,0
Skud ud til at lave den bedste kapsang i 2024,https://www.youtube.com/watch?v=t7DsZQmlHbg,29
i får lige den certificerede banger fra alkymia,https://www.youtube.com/watch?v=sy23SWrSkI0,22
er du 5000 på at du ikke skal spise morgenmad i min seng?,https://www.youtube.com/watch?v=1ClCpfeIELw,8
skud ud til WHAT THE FOX,https://www.youtube.com/watch?v=jofNR_WkoCE,12
skud ud til die grunes,https://www.youtube.com/watch?v=xTMrfwohUZ4,0
skud ud til en god luftguitar,https://www.youtube.com/watch?v=EKqIBDHnqHE,4
skud ud til at være instruktor og knalde med de studerende,https://www.youtube.com/watch?v=GBDQBNn5Wo4,38
skud ud til verdens bedste sang,https://www.youtube.com/watch?v=RBumgq5yVrA,0
Skud ud til den dag hvor ole IKKE snakkede om crossfit,https://www.youtube.com/watch?v=W7nLvk0x52I,9
Skud ud til Ole for at gøre et godt indtryk på sine fans,https://www.youtube.com/watch?v=hNCMVeWsYOE,20
Skud ud til Ole for at være Arcas bedste DJ hvis han selv skal sige det,https://www.youtube.com/watch?v=F2EfLfUuTsA,66
Skud ud til ole for at få tiden til at gå med at danse til det fede musik mens folk træner,https://www.youtube.com/watch?v=PIb6AZdTr-A,24
Skud ud til at Nikolaj ikke skal til fødselsdag i dag,https://www.youtube.com/watch?v=rfJJuVFRnro,9
Skud ud til at drikke sig viktor Weilert stiv,https://www.youtube.com/watch?v=b70BtemAv9w,12
skud ud til at bootycalle efter kappen,https://www.youtube.com/watch?v=XJSDMeqW2Xo,14
Skud ud til Harrits der bare skal være patte,https://www.youtube.com/watch?v=vZLd81IHGQw,14
skud ud til harrits der bliver drukket under og kaster op i mussemors skuffe,https://www.youtube.com/watch?v=TvRbO5xpHO8,3
Skud ud til ukraines Nationalmelodi,https://www.youtube.com/watch?v=6Ejga4kJUts,180
Skud ud til  Nikolaj Jakobsen og Marie Key,https://www.youtube.com/watch?v=t2iR-adn3sA,42
Skud ud til at klæde sig ud som pirat,https://www.youtube.com/watch?v=0Bb_w7nOBwg,0
Skud ud til at diskosnave,https://www.youtube.com/watch?v=W6Jc3Jas-CI,22
Skud ud til Jens der bliver Pigesur fordi Liv er dårlig til MUFF,https://www.youtube.com/watch?v=xl0PdRvNFDo,10
Skud ud til at være blevet så gode til buffalo at vi kan kommer gennem to runder uden at fejle en gang,https://www.youtube.com/watch?v=s1VvkxpgwMk,0
Skud ud til at der kun er 10 numre igen,https://www.youtube.com/watch?v=YnopHCL1Jk8,53
Skud ud til Oles stramme shorts,https://www.youtube.com/watch?v=bKDdT_nyP54,38
skud ud til at træne barkass i Bøffen,https://www.youtube.com/watch?v=XAkcDmlaMUs,49
Skud ud til de uduelige kandidater,https://www.youtube.com/watch?v=xJWFHN2rQlU,0
skud ud til at Superman en hoe senere,https://www.youtube.com/watch?v=KexAaavdXNU,0
Skud ud til at overspise til fester,https://www.youtube.com/watch?v=l45gSwtofBs,0
Skud ud til at en mango ikke er rød,https://www.youtube.com/watch?v=bNZAjKJIBMw,5
Skud ud til Niko der elsker pølser,https://www.youtube.com/watch?v=OE0WpnFPIFc,24
Skud ud til at Apo ser alvorlige ud i år,https://www.youtube.com/watch?v=PkgJVpmUW1U,15
Jeg tror ikke det her sker i år,https://www.youtube.com/watch?v=nnBisxzmUb8,30
VELKOMMEN TIL KLUB 100,https://www.youtube.com/watch?v=DTDfUC6PcI8,17
